AMY100|AMY100|AMY100||
ANNA|ANNA|ANNA||
COWBOY|COWBOY|COWBOY||
ETHANF|ETHANF|ETHANF||
JON1974|JON1974|JON1974||
MYSTI200|MYSTI200|MYSTI200||
NEWBIE|NEWBIE|NEWBIE||
NEWSINGER|NEWSINGER|NEWSINGER||
TYLO|TYLO|TYLO||
